modele,accuracy,precision,recall
Lasso,0.8863636363636364,0.8959619450317126,0.8863636363636364
