feature,importance
reussite_academique,0.38355794573248614
qualite_sommeil,0.25680411159289723
estime_de_soi,0.1484289863154702
relation_prof_etudiant,0.10752380359091072
besoins_elementaires,0.1036851527682357
