modele,rmse_train,rmse_test
RandomForest,0.32093814283019617,0.4273110546812419
GradientBoosting,0.30318569049844074,0.4348478161210213
